Date;Time;Severity;TID;This;Function;Message
2022/06/22;11:58:21.211;INFO;37489;0;JC_helper::gripper::init@56;"gripper init success"
2022/06/22;11:58:21.211;INFO;37489;0;JC_helper::TCP_server::init@83;"TCP init success"
2022/06/22;11:58:21.211;INFO;37501;0;JC_helper::TCP_server::RunServer@92;"======waiting for client's request======"
2022/06/22;11:58:21.422;DEBUG;37489;0;rocos::Robot::check_init_pos@1133;"2.93215"
2022/06/22;11:58:21.422;DEBUG;37489;0;rocos::Robot::check_init_pos@1138;"2.68449"
2022/06/22;11:58:21.422;DEBUG;37489;0;rocos::Robot::check_init_pos@1143;"2.94961"
2022/06/22;11:58:21.422;DEBUG;37489;0;rocos::Robot::check_init_pos@1148;"0.549436"
2022/06/22;11:58:21.422;DEBUG;37489;0;rocos::Robot::check_init_pos@1153;"3.08923"
2022/06/22;11:58:21.422;DEBUG;37489;0;rocos::Robot::check_init_pos@1158;"0.212738"
2022/06/22;11:58:21.422;DEBUG;37489;0;rocos::Robot::check_init_pos@1163;"2.94961"
2022/06/22;11:58:21.422;ERROR;37489;0;rocos::Robot::check_init_pos@1169;"当前位置不在预定的起始位置，继续上次指令"
2022/06/22;11:58:21.422;DEBUG;37489;0;rocos::Robot::check_init_pos@1192;"/home/think/rocos-app/debug/demo_2.csv,1"
2022/06/22;11:58:21.423;DEBUG;37489;0;rocos::Robot::check_init_pos@1192;"/home/think/rocos-app/debug/demo_2.csv,2"
2022/06/22;11:58:21.423;DEBUG;37489;0;rocos::Robot::check_init_pos@1192;"/home/think/rocos-app/debug/demo_2.csv,3"
2022/06/22;11:58:21.423;DEBUG;37489;0;rocos::Robot::check_init_pos@1192;"/home/think/rocos-app/debug/demo_2.csv,4"
2022/06/22;11:58:21.423;DEBUG;37489;0;rocos::Robot::check_init_pos@1192;"/home/think/rocos-app/debug/demo_2.csv,4"
2022/06/22;11:58:21.423;DEBUG;37489;0;rocos::Robot::check_init_pos@1192;"/home/think/rocos-app/debug/demo_2.csv,5"
2022/06/22;11:58:21.423;DEBUG;37489;0;rocos::Robot::check_init_pos@1192;"/home/think/rocos-app/debug/demo_2.csv,7"
2022/06/22;11:58:21.423;DEBUG;37489;0;rocos::Robot::check_init_pos@1192;"/home/think/rocos-app/debug/demo_2.csv,8"
2022/06/22;11:58:21.423;DEBUG;37489;0;rocos::Robot::check_init_pos@1192;"/home/think/rocos-app/debug/demo_2.csv,8"
2022/06/22;11:58:21.423;DEBUG;37489;0;rocos::Robot::check_init_pos@1192;"/home/think/rocos-app/debug/demo_2.csv,9"
2022/06/22;11:58:21.423;DEBUG;37489;0;rocos::Robot::check_init_pos@1192;"/home/think/rocos-app/debug/demo_2.csv,10"
2022/06/22;11:58:21.423;DEBUG;37489;0;rocos::Robot::check_init_pos@1192;"/home/think/rocos-app/debug/demo_2.csv,11"
2022/06/22;11:58:21.423;DEBUG;37489;0;rocos::Robot::check_init_pos@1192;"/home/think/rocos-app/debug/demo_2.csv,12"
2022/06/22;11:58:21.423;DEBUG;37489;0;rocos::Robot::check_init_pos@1192;"/home/think/rocos-app/debug/demo_2.csv,13"
2022/06/22;11:58:21.423;DEBUG;37489;0;rocos::Robot::check_init_pos@1192;"/home/think/rocos-app/debug/demo_2.csv,14"
2022/06/22;11:58:21.423;DEBUG;37489;0;rocos::Robot::check_init_pos@1192;"/home/think/rocos-app/debug/demo_2.csv,14"
2022/06/22;11:58:21.423;DEBUG;37489;0;rocos::Robot::check_init_pos@1192;"/home/think/rocos-app/debug/demo_2.csv,14"
2022/06/22;11:58:21.423;DEBUG;37489;0;rocos::Robot::check_init_pos@1192;"/home/think/rocos-app/debug/demo_1.csv,1"
2022/06/22;11:58:21.423;DEBUG;37489;0;rocos::Robot::check_init_pos@1192;"/home/think/rocos-app/debug/demo_1.csv,2"
2022/06/22;11:58:21.423;DEBUG;37489;0;rocos::Robot::check_init_pos@1192;"/home/think/rocos-app/debug/demo_1.csv,3"
2022/06/22;11:58:21.423;DEBUG;37489;0;rocos::Robot::check_init_pos@1192;"/home/think/rocos-app/debug/demo_1.csv,4"
2022/06/22;11:58:21.423;DEBUG;37489;0;rocos::Robot::check_init_pos@1192;"/home/think/rocos-app/debug/demo_1.csv,5"
2022/06/22;11:58:21.423;DEBUG;37489;0;rocos::Robot::check_init_pos@1192;"/home/think/rocos-app/debug/demo_1.csv,6"
2022/06/22;11:58:21.423;DEBUG;37489;0;rocos::Robot::check_init_pos@1192;"/home/think/rocos-app/debug/demo_1.csv,7"
2022/06/22;11:58:21.423;DEBUG;37489;0;rocos::Robot::check_init_pos@1192;"/home/think/rocos-app/debug/demo_1.csv,8"
2022/06/22;11:58:21.423;DEBUG;37489;0;rocos::Robot::check_init_pos@1192;"/home/think/rocos-app/debug/demo_1.csv,9"
2022/06/22;11:58:21.423;DEBUG;37489;0;rocos::Robot::check_init_pos@1192;"/home/think/rocos-app/debug/demo_1.csv,10"
2022/06/22;11:58:21.423;DEBUG;37489;0;rocos::Robot::check_init_pos@1192;"/home/think/rocos-app/debug/demo_1.csv,11"
2022/06/22;11:58:21.424;DEBUG;37489;0;rocos::Robot::check_init_pos@1192;"/home/think/rocos-app/debug/demo_1.csv,12"
2022/06/22;11:58:21.424;DEBUG;37489;0;rocos::Robot::check_init_pos@1192;"/home/think/rocos-app/debug/demo_1.csv,14"
2022/06/22;11:58:21.424;DEBUG;37489;0;rocos::Robot::check_init_pos@1192;"/home/think/rocos-app/debug/demo_1.csv,15"
2022/06/22;11:58:21.424;DEBUG;37489;0;rocos::Robot::check_init_pos@1192;"/home/think/rocos-app/debug/demo_1.csv,16"
2022/06/22;11:58:21.424;DEBUG;37489;0;rocos::Robot::check_init_pos@1192;"/home/think/rocos-app/debug/demo_1.csv,17"
2022/06/22;11:58:21.424;DEBUG;37489;0;rocos::Robot::check_init_pos@1192;"/home/think/rocos-app/debug/demo_1.csv,18"
2022/06/22;11:58:21.424;DEBUG;37489;0;rocos::Robot::check_init_pos@1192;"/home/think/rocos-app/debug/demo_1.csv,1"
2022/06/22;11:58:21.424;DEBUG;37489;0;rocos::Robot::check_init_pos@1192;"/home/think/rocos-app/debug/demo_1.csv,2"
2022/06/22;11:58:21.424;DEBUG;37489;0;rocos::Robot::check_init_pos@1192;"/home/think/rocos-app/debug/demo_1.csv,3"
2022/06/22;11:58:21.424;DEBUG;37489;0;rocos::Robot::check_init_pos@1192;"/home/think/rocos-app/debug/demo_1.csv,4"
2022/06/22;11:58:21.424;DEBUG;37489;0;rocos::Robot::check_init_pos@1192;"/home/think/rocos-app/debug/demo_1.csv,5"
2022/06/22;11:58:21.424;DEBUG;37489;0;rocos::Robot::check_init_pos@1192;"/home/think/rocos-app/debug/demo_1.csv,6"
2022/06/22;11:58:21.424;DEBUG;37489;0;rocos::Robot::check_init_pos@1192;"/home/think/rocos-app/debug/demo_1.csv,7"
2022/06/22;11:58:21.424;DEBUG;37489;0;rocos::Robot::check_init_pos@1192;"/home/think/rocos-app/debug/demo_1.csv,8"
2022/06/22;11:58:21.424;DEBUG;37489;0;rocos::Robot::check_init_pos@1192;"/home/think/rocos-app/debug/demo_1.csv,9"
2022/06/22;11:58:21.424;DEBUG;37489;0;rocos::Robot::check_init_pos@1192;"/home/think/rocos-app/debug/demo_1.csv,10"
2022/06/22;11:58:21.424;DEBUG;37489;0;rocos::Robot::check_init_pos@1192;"/home/think/rocos-app/debug/demo_1.csv,11"
2022/06/22;11:58:21.424;DEBUG;37489;0;rocos::Robot::check_init_pos@1192;"/home/think/rocos-app/debug/demo_1.csv,12"
2022/06/22;11:58:21.424;DEBUG;37489;0;rocos::Robot::check_init_pos@1192;"/home/think/rocos-app/debug/demo_1.csv,14"
2022/06/22;11:58:21.424;DEBUG;37489;0;rocos::Robot::check_init_pos@1192;"/home/think/rocos-app/debug/demo_1.csv,15"
2022/06/22;11:58:21.424;DEBUG;37489;0;rocos::Robot::check_init_pos@1192;"/home/think/rocos-app/debug/demo_1.csv,16"
2022/06/22;11:58:21.424;DEBUG;37489;0;rocos::Robot::check_init_pos@1192;"/home/think/rocos-app/debug/demo_1.csv,17"
2022/06/22;11:58:21.424;DEBUG;37489;0;rocos::Robot::check_init_pos@1192;"/home/think/rocos-app/debug/demo_1.csv,18"
2022/06/22;11:58:21.424;DEBUG;37489;0;rocos::Robot::check_init_pos@1192;"/home/think/rocos-app/debug/demo_1.csv,1"
2022/06/22;11:58:21.424;DEBUG;37489;0;rocos::Robot::check_init_pos@1192;"/home/think/rocos-app/debug/demo_1.csv,2"
2022/06/22;11:58:21.425;DEBUG;37489;0;rocos::Robot::check_init_pos@1192;"/home/think/rocos-app/debug/demo_1.csv,3"
2022/06/22;11:58:21.425;DEBUG;37489;0;rocos::Robot::check_init_pos@1192;"/home/think/rocos-app/debug/demo_1.csv,4"
2022/06/22;11:58:21.425;DEBUG;37489;0;rocos::Robot::check_init_pos@1192;"/home/think/rocos-app/debug/demo_1.csv,5"
2022/06/22;11:58:21.425;DEBUG;37489;0;rocos::Robot::check_init_pos@1192;"/home/think/rocos-app/debug/demo_1.csv,6"
2022/06/22;11:58:21.425;DEBUG;37489;0;rocos::Robot::check_init_pos@1192;"/home/think/rocos-app/debug/demo_1.csv,7"
2022/06/22;11:58:21.425;DEBUG;37489;0;rocos::Robot::check_init_pos@1192;"/home/think/rocos-app/debug/demo_1.csv,8"
2022/06/22;11:58:21.425;DEBUG;37489;0;rocos::Robot::check_init_pos@1192;"/home/think/rocos-app/debug/demo_1.csv,9"
2022/06/22;11:58:21.425;DEBUG;37489;0;rocos::Robot::check_init_pos@1192;"/home/think/rocos-app/debug/demo_1.csv,10"
2022/06/22;11:58:21.425;DEBUG;37489;0;rocos::Robot::check_init_pos@1192;"/home/think/rocos-app/debug/demo_1.csv,11"
2022/06/22;11:58:21.425;DEBUG;37489;0;rocos::Robot::check_init_pos@1192;"/home/think/rocos-app/debug/demo_1.csv,12"
2022/06/22;11:58:21.425;DEBUG;37489;0;rocos::Robot::check_init_pos@1192;"/home/think/rocos-app/debug/demo_1.csv,14"
2022/06/22;11:58:21.425;DEBUG;37489;0;rocos::Robot::check_init_pos@1192;"/home/think/rocos-app/debug/demo_1.csv,15"
2022/06/22;11:58:21.425;DEBUG;37489;0;rocos::Robot::check_init_pos@1192;"/home/think/rocos-app/debug/demo_1.csv,16"
2022/06/22;11:58:21.425;DEBUG;37489;0;rocos::Robot::check_init_pos@1192;"/home/think/rocos-app/debug/demo_1.csv,17"
2022/06/22;11:58:21.425;DEBUG;37489;0;rocos::Robot::check_init_pos@1192;"/home/think/rocos-app/debug/demo_1.csv,18"
2022/06/22;11:58:21.425;DEBUG;37489;0;rocos::Robot::check_init_pos@1192;"/home/think/rocos-app/debug/demo_2.csv,1"
2022/06/22;11:58:21.425;DEBUG;37489;0;rocos::Robot::check_init_pos@1192;"/home/think/rocos-app/debug/demo_2.csv,2"
2022/06/22;11:58:21.425;DEBUG;37489;0;rocos::Robot::check_init_pos@1192;"/home/think/rocos-app/debug/demo_2.csv,3"
2022/06/22;11:58:21.425;DEBUG;37489;0;rocos::Robot::check_init_pos@1192;"/home/think/rocos-app/debug/demo_2.csv,4"
2022/06/22;11:58:21.425;DEBUG;37489;0;rocos::Robot::check_init_pos@1192;"/home/think/rocos-app/debug/demo_2.csv,5"
2022/06/22;11:58:21.425;DEBUG;37489;0;rocos::Robot::check_init_pos@1192;"/home/think/rocos-app/debug/demo_2.csv,7"
2022/06/22;11:58:21.425;DEBUG;37489;0;rocos::Robot::check_init_pos@1192;"/home/think/rocos-app/debug/demo_2.csv,8"
2022/06/22;11:58:21.425;DEBUG;37489;0;rocos::Robot::check_init_pos@1192;"/home/think/rocos-app/debug/demo_2.csv,9"
2022/06/22;11:58:21.425;DEBUG;37489;0;rocos::Robot::check_init_pos@1192;"/home/think/rocos-app/debug/demo_2.csv,10"
2022/06/22;11:58:21.426;DEBUG;37489;0;rocos::Robot::check_init_pos@1192;"/home/think/rocos-app/debug/demo_2.csv,11"
2022/06/22;11:58:21.426;DEBUG;37489;0;rocos::Robot::check_init_pos@1192;"/home/think/rocos-app/debug/demo_2.csv,12"
2022/06/22;11:58:21.426;DEBUG;37489;0;rocos::Robot::check_init_pos@1192;"/home/think/rocos-app/debug/demo_2.csv,13"
2022/06/22;11:58:21.426;DEBUG;37489;0;rocos::Robot::check_init_pos@1192;"/home/think/rocos-app/debug/demo_2.csv,14"
2022/06/22;11:58:21.426;DEBUG;37489;0;rocos::Robot::check_init_pos@1192;"/home/think/rocos-app/debug/demo_2.csv,1"
2022/06/22;11:58:21.426;DEBUG;37489;0;rocos::Robot::check_init_pos@1192;"/home/think/rocos-app/debug/demo_2.csv,2"
2022/06/22;11:58:21.426;DEBUG;37489;0;rocos::Robot::check_init_pos@1192;"/home/think/rocos-app/debug/demo_2.csv,3"
2022/06/22;11:58:21.426;DEBUG;37489;0;rocos::Robot::check_init_pos@1192;"/home/think/rocos-app/debug/demo_2.csv,4"
2022/06/22;11:58:21.426;DEBUG;37489;0;rocos::Robot::check_init_pos@1192;"/home/think/rocos-app/debug/demo_2.csv,5"
2022/06/22;11:58:21.426;DEBUG;37489;0;rocos::Robot::check_init_pos@1192;"/home/think/rocos-app/debug/demo_2.csv,7"
2022/06/22;11:58:21.426;DEBUG;37489;0;rocos::Robot::check_init_pos@1192;"/home/think/rocos-app/debug/demo_2.csv,8"
2022/06/22;11:58:21.426;DEBUG;37489;0;rocos::Robot::check_init_pos@1192;"/home/think/rocos-app/debug/demo_2.csv,9"
2022/06/22;11:58:21.426;DEBUG;37489;0;rocos::Robot::check_init_pos@1192;"/home/think/rocos-app/debug/demo_2.csv,10"
2022/06/22;11:58:21.426;DEBUG;37489;0;rocos::Robot::check_init_pos@1192;"/home/think/rocos-app/debug/demo_2.csv,11"
2022/06/22;11:58:21.426;DEBUG;37489;0;rocos::Robot::check_init_pos@1192;"/home/think/rocos-app/debug/demo_2.csv,12"
2022/06/22;11:58:21.426;DEBUG;37489;0;rocos::Robot::check_init_pos@1192;"/home/think/rocos-app/debug/demo_2.csv,13"
2022/06/22;11:58:21.426;DEBUG;37489;0;rocos::Robot::check_init_pos@1192;"/home/think/rocos-app/debug/demo_2.csv,14"
2022/06/22;11:58:21.426;DEBUG;37489;0;rocos::Robot::check_init_pos@1192;"/home/think/rocos-app/debug/demo_2.csv,1"
2022/06/22;11:58:21.426;DEBUG;37489;0;rocos::Robot::check_init_pos@1192;"/home/think/rocos-app/debug/demo_2.csv,2"
2022/06/22;11:58:21.426;DEBUG;37489;0;rocos::Robot::check_init_pos@1192;"/home/think/rocos-app/debug/demo_2.csv,3"
2022/06/22;11:58:21.426;DEBUG;37489;0;rocos::Robot::check_init_pos@1192;"/home/think/rocos-app/debug/demo_2.csv,4"
2022/06/22;11:58:21.426;DEBUG;37489;0;rocos::Robot::check_init_pos@1192;"/home/think/rocos-app/debug/demo_2.csv,5"
2022/06/22;11:58:21.426;DEBUG;37489;0;rocos::Robot::check_init_pos@1192;"/home/think/rocos-app/debug/demo_2.csv,7"
2022/06/22;11:58:21.427;DEBUG;37489;0;rocos::Robot::check_init_pos@1192;"/home/think/rocos-app/debug/demo_2.csv,8"
2022/06/22;11:58:21.427;DEBUG;37489;0;rocos::Robot::check_init_pos@1192;"/home/think/rocos-app/debug/demo_2.csv,9"
2022/06/22;11:58:21.427;DEBUG;37489;0;rocos::Robot::check_init_pos@1192;"/home/think/rocos-app/debug/demo_2.csv,10"
2022/06/22;11:58:21.427;DEBUG;37489;0;rocos::Robot::check_init_pos@1192;"/home/think/rocos-app/debug/demo_2.csv,11"
2022/06/22;11:58:21.427;DEBUG;37489;0;rocos::Robot::check_init_pos@1192;"/home/think/rocos-app/debug/demo_2.csv,12"
2022/06/22;11:58:21.427;DEBUG;37489;0;rocos::Robot::check_init_pos@1192;"/home/think/rocos-app/debug/demo_2.csv,13"
2022/06/22;11:58:21.427;DEBUG;37489;0;rocos::Robot::check_init_pos@1192;"/home/think/rocos-app/debug/demo_2.csv,14"
2022/06/22;11:58:21.427;DEBUG;37489;0;rocos::Robot::check_init_pos@1192;"/home/think/rocos-app/debug/demo_3.csv,1"
2022/06/22;11:58:21.427;DEBUG;37489;0;rocos::Robot::check_init_pos@1192;"/home/think/rocos-app/debug/demo_3.csv,2"
2022/06/22;11:58:21.427;DEBUG;37489;0;rocos::Robot::check_init_pos@1192;"/home/think/rocos-app/debug/demo_3.csv,3"
2022/06/22;11:58:21.427;DEBUG;37489;0;rocos::Robot::check_init_pos@1192;"/home/think/rocos-app/debug/demo_3.csv,4"
2022/06/22;11:58:21.427;DEBUG;37489;0;rocos::Robot::check_init_pos@1192;"/home/think/rocos-app/debug/demo_3.csv,5"
2022/06/22;11:58:21.427;DEBUG;37489;0;rocos::Robot::check_init_pos@1192;"/home/think/rocos-app/debug/demo_3.csv,6"
2022/06/22;11:58:21.427;DEBUG;37489;0;rocos::Robot::check_init_pos@1192;"/home/think/rocos-app/debug/demo_3.csv,7"
2022/06/22;11:58:21.427;DEBUG;37489;0;rocos::Robot::check_init_pos@1192;"/home/think/rocos-app/debug/demo_3.csv,8"
2022/06/22;11:58:21.427;DEBUG;37489;0;rocos::Robot::check_init_pos@1192;"/home/think/rocos-app/debug/demo_3.csv,9"
2022/06/22;11:58:21.427;DEBUG;37489;0;rocos::Robot::check_init_pos@1192;"/home/think/rocos-app/debug/demo_3.csv,10"
2022/06/22;11:58:21.427;DEBUG;37489;0;rocos::Robot::check_init_pos@1192;"/home/think/rocos-app/debug/demo_3.csv,11"
2022/06/22;11:58:21.427;DEBUG;37489;0;rocos::Robot::check_init_pos@1192;"/home/think/rocos-app/debug/demo_3.csv,12"
2022/06/22;11:58:21.427;DEBUG;37489;0;rocos::Robot::check_init_pos@1192;"/home/think/rocos-app/debug/demo_3.csv,13"
2022/06/22;11:58:21.427;DEBUG;37489;0;rocos::Robot::check_init_pos@1192;"/home/think/rocos-app/debug/demo_3.csv,14"
2022/06/22;11:58:21.427;DEBUG;37489;0;rocos::Robot::check_init_pos@1192;"/home/think/rocos-app/debug/demo_3.csv,16"
2022/06/22;11:58:21.427;DEBUG;37489;0;rocos::Robot::check_init_pos@1192;"/home/think/rocos-app/debug/demo_3.csv,17"
2022/06/22;11:58:21.427;DEBUG;37489;0;rocos::Robot::check_init_pos@1192;"/home/think/rocos-app/debug/demo_3.csv,18"
2022/06/22;11:58:21.427;DEBUG;37489;0;rocos::Robot::check_init_pos@1192;"/home/think/rocos-app/debug/demo_3.csv,19"
2022/06/22;11:58:21.428;DEBUG;37489;0;rocos::Robot::check_init_pos@1192;"/home/think/rocos-app/debug/demo_3.csv,1"
2022/06/22;11:58:21.428;DEBUG;37489;0;rocos::Robot::check_init_pos@1192;"/home/think/rocos-app/debug/demo_3.csv,2"
2022/06/22;11:58:21.428;DEBUG;37489;0;rocos::Robot::check_init_pos@1192;"/home/think/rocos-app/debug/demo_3.csv,3"
2022/06/22;11:58:21.428;DEBUG;37489;0;rocos::Robot::check_init_pos@1192;"/home/think/rocos-app/debug/demo_3.csv,4"
2022/06/22;11:58:21.428;DEBUG;37489;0;rocos::Robot::check_init_pos@1192;"/home/think/rocos-app/debug/demo_3.csv,5"
2022/06/22;11:58:21.428;DEBUG;37489;0;rocos::Robot::check_init_pos@1192;"/home/think/rocos-app/debug/demo_3.csv,6"
2022/06/22;11:58:21.428;DEBUG;37489;0;rocos::Robot::check_init_pos@1192;"/home/think/rocos-app/debug/demo_3.csv,7"
2022/06/22;11:58:21.428;DEBUG;37489;0;rocos::Robot::check_init_pos@1192;"/home/think/rocos-app/debug/demo_3.csv,8"
2022/06/22;11:58:21.428;DEBUG;37489;0;rocos::Robot::check_init_pos@1192;"/home/think/rocos-app/debug/demo_3.csv,9"
2022/06/22;11:58:21.428;DEBUG;37489;0;rocos::Robot::check_init_pos@1192;"/home/think/rocos-app/debug/demo_3.csv,10"
2022/06/22;11:58:21.428;DEBUG;37489;0;rocos::Robot::check_init_pos@1192;"/home/think/rocos-app/debug/demo_3.csv,11"
2022/06/22;11:58:21.428;DEBUG;37489;0;rocos::Robot::check_init_pos@1192;"/home/think/rocos-app/debug/demo_3.csv,12"
2022/06/22;11:58:21.428;DEBUG;37489;0;rocos::Robot::check_init_pos@1192;"/home/think/rocos-app/debug/demo_3.csv,13"
2022/06/22;11:58:21.428;DEBUG;37489;0;rocos::Robot::check_init_pos@1192;"/home/think/rocos-app/debug/demo_3.csv,14"
2022/06/22;11:58:21.428;DEBUG;37489;0;rocos::Robot::check_init_pos@1192;"/home/think/rocos-app/debug/demo_3.csv,16"
2022/06/22;11:58:21.428;DEBUG;37489;0;rocos::Robot::check_init_pos@1192;"/home/think/rocos-app/debug/demo_3.csv,17"
2022/06/22;11:58:21.428;DEBUG;37489;0;rocos::Robot::check_init_pos@1192;"/home/think/rocos-app/debug/demo_3.csv,18"
2022/06/22;11:58:21.428;DEBUG;37489;0;rocos::Robot::check_init_pos@1192;"/home/think/rocos-app/debug/demo_3.csv,19"
2022/06/22;11:58:21.428;DEBUG;37489;0;rocos::Robot::check_init_pos@1192;"/home/think/rocos-app/debug/demo_4.csv,1"
2022/06/22;11:58:21.428;DEBUG;37489;0;rocos::Robot::check_init_pos@1192;"/home/think/rocos-app/debug/demo_4.csv,2"
2022/06/22;11:58:21.428;DEBUG;37489;0;rocos::Robot::check_init_pos@1192;"/home/think/rocos-app/debug/demo_4.csv,3"
2022/06/22;11:58:21.428;DEBUG;37489;0;rocos::Robot::check_init_pos@1192;"/home/think/rocos-app/debug/demo_4.csv,4"
2022/06/22;11:58:21.428;DEBUG;37489;0;rocos::Robot::check_init_pos@1192;"/home/think/rocos-app/debug/demo_4.csv,5"
2022/06/22;11:58:21.428;DEBUG;37489;0;rocos::Robot::check_init_pos@1192;"/home/think/rocos-app/debug/demo_4.csv,6"
2022/06/22;11:58:21.429;DEBUG;37489;0;rocos::Robot::check_init_pos@1192;"/home/think/rocos-app/debug/demo_4.csv,7"
2022/06/22;11:58:21.429;DEBUG;37489;0;rocos::Robot::check_init_pos@1192;"/home/think/rocos-app/debug/demo_4.csv,8"
2022/06/22;11:58:21.429;DEBUG;37489;0;rocos::Robot::check_init_pos@1192;"/home/think/rocos-app/debug/demo_4.csv,9"
2022/06/22;11:58:21.429;DEBUG;37489;0;rocos::Robot::check_init_pos@1192;"/home/think/rocos-app/debug/demo_4.csv,10"
2022/06/22;11:58:21.429;DEBUG;37489;0;rocos::Robot::check_init_pos@1192;"/home/think/rocos-app/debug/demo_4.csv,11"
2022/06/22;11:58:21.429;DEBUG;37489;0;rocos::Robot::check_init_pos@1192;"/home/think/rocos-app/debug/demo_4.csv,12"
2022/06/22;11:58:21.429;DEBUG;37489;0;rocos::Robot::check_init_pos@1192;"/home/think/rocos-app/debug/demo_4.csv,15"
2022/06/22;11:58:21.429;DEBUG;37489;0;rocos::Robot::check_init_pos@1192;"/home/think/rocos-app/debug/demo_4.csv,16"
2022/06/22;11:58:21.429;DEBUG;37489;0;rocos::Robot::check_init_pos@1192;"/home/think/rocos-app/debug/demo_4.csv,17"
2022/06/22;11:58:21.429;DEBUG;37489;0;rocos::Robot::check_init_pos@1192;"/home/think/rocos-app/debug/demo_4.csv,1"
2022/06/22;11:58:21.429;DEBUG;37489;0;rocos::Robot::check_init_pos@1192;"/home/think/rocos-app/debug/demo_4.csv,2"
2022/06/22;11:58:21.429;DEBUG;37489;0;rocos::Robot::check_init_pos@1192;"/home/think/rocos-app/debug/demo_4.csv,3"
2022/06/22;11:58:21.429;DEBUG;37489;0;rocos::Robot::check_init_pos@1192;"/home/think/rocos-app/debug/demo_4.csv,4"
2022/06/22;11:58:21.429;DEBUG;37489;0;rocos::Robot::check_init_pos@1192;"/home/think/rocos-app/debug/demo_4.csv,5"
2022/06/22;11:58:21.429;DEBUG;37489;0;rocos::Robot::check_init_pos@1192;"/home/think/rocos-app/debug/demo_4.csv,6"
2022/06/22;11:58:21.429;DEBUG;37489;0;rocos::Robot::check_init_pos@1192;"/home/think/rocos-app/debug/demo_4.csv,7"
2022/06/22;11:58:21.429;DEBUG;37489;0;rocos::Robot::check_init_pos@1192;"/home/think/rocos-app/debug/demo_4.csv,8"
2022/06/22;11:58:21.429;DEBUG;37489;0;rocos::Robot::check_init_pos@1192;"/home/think/rocos-app/debug/demo_4.csv,9"
2022/06/22;11:58:21.429;DEBUG;37489;0;rocos::Robot::check_init_pos@1192;"/home/think/rocos-app/debug/demo_4.csv,10"
2022/06/22;11:58:21.429;DEBUG;37489;0;rocos::Robot::check_init_pos@1192;"/home/think/rocos-app/debug/demo_4.csv,11"
2022/06/22;11:58:21.429;DEBUG;37489;0;rocos::Robot::check_init_pos@1192;"/home/think/rocos-app/debug/demo_4.csv,12"
2022/06/22;11:58:21.429;DEBUG;37489;0;rocos::Robot::check_init_pos@1192;"/home/think/rocos-app/debug/demo_4.csv,15"
2022/06/22;11:58:21.429;DEBUG;37489;0;rocos::Robot::check_init_pos@1192;"/home/think/rocos-app/debug/demo_4.csv,16"
2022/06/22;11:58:21.430;DEBUG;37489;0;rocos::Robot::check_init_pos@1192;"/home/think/rocos-app/debug/demo_4.csv,17"
2022/06/22;11:58:21.430;DEBUG;37489;0;rocos::Robot::check_init_pos@1192;"/home/think/rocos-app/debug/demo_5.csv,1"
2022/06/22;11:58:21.430;DEBUG;37489;0;rocos::Robot::check_init_pos@1192;"/home/think/rocos-app/debug/demo_5.csv,2"
2022/06/22;11:58:21.430;DEBUG;37489;0;rocos::Robot::check_init_pos@1192;"/home/think/rocos-app/debug/demo_5.csv,3"
2022/06/22;11:58:21.430;DEBUG;37489;0;rocos::Robot::check_init_pos@1192;"/home/think/rocos-app/debug/demo_5.csv,4"
2022/06/22;11:58:21.430;DEBUG;37489;0;rocos::Robot::check_init_pos@1192;"/home/think/rocos-app/debug/demo_5.csv,5"
2022/06/22;11:58:21.430;DEBUG;37489;0;rocos::Robot::check_init_pos@1192;"/home/think/rocos-app/debug/demo_5.csv,6"
2022/06/22;11:58:21.430;DEBUG;37489;0;rocos::Robot::check_init_pos@1192;"/home/think/rocos-app/debug/demo_5.csv,7"
2022/06/22;11:58:21.430;DEBUG;37489;0;rocos::Robot::check_init_pos@1192;"/home/think/rocos-app/debug/demo_5.csv,8"
2022/06/22;11:58:21.430;DEBUG;37489;0;rocos::Robot::check_init_pos@1192;"/home/think/rocos-app/debug/demo_5.csv,9"
2022/06/22;11:58:21.430;DEBUG;37489;0;rocos::Robot::check_init_pos@1192;"/home/think/rocos-app/debug/demo_5.csv,10"
2022/06/22;11:58:21.430;DEBUG;37489;0;rocos::Robot::check_init_pos@1192;"/home/think/rocos-app/debug/demo_5.csv,11"
2022/06/22;11:58:21.430;DEBUG;37489;0;rocos::Robot::check_init_pos@1192;"/home/think/rocos-app/debug/demo_5.csv,1"
2022/06/22;11:58:21.430;DEBUG;37489;0;rocos::Robot::check_init_pos@1192;"/home/think/rocos-app/debug/demo_5.csv,2"
2022/06/22;11:58:21.430;DEBUG;37489;0;rocos::Robot::check_init_pos@1192;"/home/think/rocos-app/debug/demo_5.csv,3"
2022/06/22;11:58:21.430;DEBUG;37489;0;rocos::Robot::check_init_pos@1192;"/home/think/rocos-app/debug/demo_5.csv,4"
2022/06/22;11:58:21.430;DEBUG;37489;0;rocos::Robot::check_init_pos@1192;"/home/think/rocos-app/debug/demo_5.csv,5"
2022/06/22;11:58:21.430;DEBUG;37489;0;rocos::Robot::check_init_pos@1192;"/home/think/rocos-app/debug/demo_5.csv,6"
2022/06/22;11:58:21.430;DEBUG;37489;0;rocos::Robot::check_init_pos@1192;"/home/think/rocos-app/debug/demo_5.csv,7"
2022/06/22;11:58:21.430;DEBUG;37489;0;rocos::Robot::check_init_pos@1192;"/home/think/rocos-app/debug/demo_5.csv,8"
2022/06/22;11:58:21.430;DEBUG;37489;0;rocos::Robot::check_init_pos@1192;"/home/think/rocos-app/debug/demo_5.csv,9"
2022/06/22;11:58:21.430;DEBUG;37489;0;rocos::Robot::check_init_pos@1192;"/home/think/rocos-app/debug/demo_5.csv,10"
2022/06/22;11:58:21.430;DEBUG;37489;0;rocos::Robot::check_init_pos@1192;"/home/think/rocos-app/debug/demo_5.csv,11"
2022/06/22;11:58:21.430;DEBUG;37489;0;rocos::Robot::check_init_pos@1192;"/home/think/rocos-app/debug/demo_5.csv,11"
2022/06/22;11:58:21.431;DEBUG;37489;0;rocos::Robot::check_init_pos@1192;"/home/think/rocos-app/debug/demo_5.csv,1"
2022/06/22;11:58:21.431;DEBUG;37489;0;rocos::Robot::check_init_pos@1192;"/home/think/rocos-app/debug/demo_5.csv,2"
2022/06/22;11:58:21.431;DEBUG;37489;0;rocos::Robot::check_init_pos@1192;"/home/think/rocos-app/debug/demo_5.csv,3"
2022/06/22;11:58:21.431;DEBUG;37489;0;rocos::Robot::check_init_pos@1192;"/home/think/rocos-app/debug/demo_5.csv,4"
2022/06/22;11:58:21.431;DEBUG;37489;0;rocos::Robot::check_init_pos@1192;"/home/think/rocos-app/debug/demo_5.csv,5"
2022/06/22;11:58:21.431;DEBUG;37489;0;rocos::Robot::check_init_pos@1192;"/home/think/rocos-app/debug/demo_5.csv,6"
2022/06/22;11:58:21.431;DEBUG;37489;0;rocos::Robot::check_init_pos@1192;"/home/think/rocos-app/debug/demo_5.csv,7"
2022/06/22;11:58:21.431;DEBUG;37489;0;rocos::Robot::check_init_pos@1192;"/home/think/rocos-app/debug/demo_5.csv,8"
2022/06/22;11:58:21.431;DEBUG;37489;0;rocos::Robot::check_init_pos@1192;"/home/think/rocos-app/debug/demo_5.csv,9"
2022/06/22;11:58:21.431;DEBUG;37489;0;rocos::Robot::check_init_pos@1192;"/home/think/rocos-app/debug/demo_5.csv,10"
2022/06/22;11:58:21.431;DEBUG;37489;0;rocos::Robot::check_init_pos@1192;"/home/think/rocos-app/debug/demo_5.csv,11"
2022/06/22;11:58:21.431;DEBUG;37489;0;rocos::Robot::check_init_pos@1192;"/home/think/rocos-app/debug/demo_5.csv,1"
2022/06/22;11:58:21.431;DEBUG;37489;0;rocos::Robot::check_init_pos@1192;"/home/think/rocos-app/debug/demo_5.csv,2"
2022/06/22;11:58:21.431;DEBUG;37489;0;rocos::Robot::check_init_pos@1192;"/home/think/rocos-app/debug/demo_5.csv,3"
2022/06/22;11:58:21.431;DEBUG;37489;0;rocos::Robot::check_init_pos@1192;"/home/think/rocos-app/debug/demo_5.csv,4"
2022/06/22;11:58:21.431;DEBUG;37489;0;rocos::Robot::check_init_pos@1192;"/home/think/rocos-app/debug/demo_5.csv,5"
2022/06/22;11:58:21.431;DEBUG;37489;0;rocos::Robot::check_init_pos@1192;"/home/think/rocos-app/debug/demo_5.csv,6"
2022/06/22;11:58:21.431;DEBUG;37489;0;rocos::Robot::check_init_pos@1192;"/home/think/rocos-app/debug/demo_5.csv,7"
2022/06/22;11:58:21.431;DEBUG;37489;0;rocos::Robot::check_init_pos@1192;"/home/think/rocos-app/debug/demo_5.csv,8"
2022/06/22;11:58:21.431;DEBUG;37489;0;rocos::Robot::check_init_pos@1192;"/home/think/rocos-app/debug/demo_5.csv,9"
2022/06/22;11:58:21.431;DEBUG;37489;0;rocos::Robot::check_init_pos@1192;"/home/think/rocos-app/debug/demo_5.csv,10"
2022/06/22;11:58:21.431;DEBUG;37489;0;rocos::Robot::check_init_pos@1192;"/home/think/rocos-app/debug/demo_5.csv,11"
2022/06/22;11:58:21.431;DEBUG;37489;0;rocos::Robot::check_init_pos@1192;"/home/think/rocos-app/debug/demo_6.csv,1"
2022/06/22;11:58:21.431;DEBUG;37489;0;rocos::Robot::check_init_pos@1192;"/home/think/rocos-app/debug/demo_6.csv,2"
2022/06/22;11:58:21.432;DEBUG;37489;0;rocos::Robot::check_init_pos@1192;"/home/think/rocos-app/debug/demo_6.csv,3"
2022/06/22;11:58:21.432;DEBUG;37489;0;rocos::Robot::check_init_pos@1192;"/home/think/rocos-app/debug/demo_6.csv,4"
2022/06/22;11:58:21.432;DEBUG;37489;0;rocos::Robot::check_init_pos@1192;"/home/think/rocos-app/debug/demo_6.csv,5"
2022/06/22;11:58:21.432;DEBUG;37489;0;rocos::Robot::check_init_pos@1192;"/home/think/rocos-app/debug/demo_6.csv,6"
2022/06/22;11:58:21.432;DEBUG;37489;0;rocos::Robot::check_init_pos@1192;"/home/think/rocos-app/debug/demo_6.csv,7"
2022/06/22;11:58:21.432;DEBUG;37489;0;rocos::Robot::check_init_pos@1192;"/home/think/rocos-app/debug/demo_6.csv,9"
2022/06/22;11:58:21.432;DEBUG;37489;0;rocos::Robot::check_init_pos@1192;"/home/think/rocos-app/debug/demo_6.csv,10"
2022/06/22;11:58:21.432;DEBUG;37489;0;rocos::Robot::check_init_pos@1192;"/home/think/rocos-app/debug/demo_6.csv,11"
2022/06/22;11:58:21.432;DEBUG;37489;0;rocos::Robot::check_init_pos@1192;"/home/think/rocos-app/debug/demo_6.csv,13"
2022/06/22;11:58:21.432;DEBUG;37489;0;rocos::Robot::check_init_pos@1192;"/home/think/rocos-app/debug/demo_6.csv,14"
2022/06/22;11:58:21.432;DEBUG;37489;0;rocos::Robot::check_init_pos@1192;"/home/think/rocos-app/debug/demo_6.csv,15"
2022/06/22;11:58:21.432;DEBUG;37489;0;rocos::Robot::check_init_pos@1192;"/home/think/rocos-app/debug/demo_6.csv,16"
2022/06/22;11:58:21.432;DEBUG;37489;0;rocos::Robot::check_init_pos@1192;"/home/think/rocos-app/debug/demo_6.csv,17"
2022/06/22;11:58:21.432;DEBUG;37489;0;rocos::Robot::check_init_pos@1192;"/home/think/rocos-app/debug/demo_6.csv,18"
2022/06/22;11:58:21.432;DEBUG;37489;0;rocos::Robot::check_init_pos@1192;"/home/think/rocos-app/debug/demo_6.csv,19"
2022/06/22;11:58:21.432;DEBUG;37489;0;rocos::Robot::check_init_pos@1192;"/home/think/rocos-app/debug/demo_6.csv,1"
2022/06/22;11:58:21.432;DEBUG;37489;0;rocos::Robot::check_init_pos@1192;"/home/think/rocos-app/debug/demo_6.csv,2"
2022/06/22;11:58:21.432;DEBUG;37489;0;rocos::Robot::check_init_pos@1192;"/home/think/rocos-app/debug/demo_6.csv,3"
2022/06/22;11:58:21.432;DEBUG;37489;0;rocos::Robot::check_init_pos@1192;"/home/think/rocos-app/debug/demo_6.csv,4"
2022/06/22;11:58:21.432;DEBUG;37489;0;rocos::Robot::check_init_pos@1192;"/home/think/rocos-app/debug/demo_6.csv,5"
2022/06/22;11:58:21.432;DEBUG;37489;0;rocos::Robot::check_init_pos@1192;"/home/think/rocos-app/debug/demo_6.csv,6"
2022/06/22;11:58:21.432;DEBUG;37489;0;rocos::Robot::check_init_pos@1192;"/home/think/rocos-app/debug/demo_6.csv,7"
2022/06/22;11:58:21.432;DEBUG;37489;0;rocos::Robot::check_init_pos@1192;"/home/think/rocos-app/debug/demo_6.csv,9"
2022/06/22;11:58:21.433;DEBUG;37489;0;rocos::Robot::check_init_pos@1192;"/home/think/rocos-app/debug/demo_6.csv,10"
2022/06/22;11:58:21.433;DEBUG;37489;0;rocos::Robot::check_init_pos@1192;"/home/think/rocos-app/debug/demo_6.csv,11"
2022/06/22;11:58:21.433;DEBUG;37489;0;rocos::Robot::check_init_pos@1192;"/home/think/rocos-app/debug/demo_6.csv,13"
2022/06/22;11:58:21.433;DEBUG;37489;0;rocos::Robot::check_init_pos@1192;"/home/think/rocos-app/debug/demo_6.csv,14"
2022/06/22;11:58:21.433;DEBUG;37489;0;rocos::Robot::check_init_pos@1192;"/home/think/rocos-app/debug/demo_6.csv,15"
2022/06/22;11:58:21.433;DEBUG;37489;0;rocos::Robot::check_init_pos@1192;"/home/think/rocos-app/debug/demo_6.csv,16"
2022/06/22;11:58:21.433;DEBUG;37489;0;rocos::Robot::check_init_pos@1192;"/home/think/rocos-app/debug/demo_6.csv,17"
2022/06/22;11:58:21.433;DEBUG;37489;0;rocos::Robot::check_init_pos@1192;"/home/think/rocos-app/debug/demo_6.csv,18"
2022/06/22;11:58:21.433;DEBUG;37489;0;rocos::Robot::check_init_pos@1192;"/home/think/rocos-app/debug/demo_6.csv,19"
2022/06/22;11:58:21.433;DEBUG;37489;0;rocos::Robot::check_init_pos@1192;"/home/think/rocos-app/debug/demo_7.csv,1"
2022/06/22;11:58:21.433;DEBUG;37489;0;rocos::Robot::check_init_pos@1192;"/home/think/rocos-app/debug/demo_7.csv,2"
2022/06/22;11:58:21.433;DEBUG;37489;0;rocos::Robot::check_init_pos@1192;"/home/think/rocos-app/debug/demo_7.csv,3"
2022/06/22;11:58:21.433;DEBUG;37489;0;rocos::Robot::check_init_pos@1192;"/home/think/rocos-app/debug/demo_7.csv,4"
2022/06/22;11:58:21.433;DEBUG;37489;0;rocos::Robot::check_init_pos@1192;"/home/think/rocos-app/debug/demo_7.csv,5"
2022/06/22;11:58:21.433;DEBUG;37489;0;rocos::Robot::check_init_pos@1192;"/home/think/rocos-app/debug/demo_7.csv,7"
2022/06/22;11:58:21.433;DEBUG;37489;0;rocos::Robot::check_init_pos@1192;"/home/think/rocos-app/debug/demo_7.csv,8"
2022/06/22;11:58:21.433;DEBUG;37489;0;rocos::Robot::check_init_pos@1192;"/home/think/rocos-app/debug/demo_7.csv,9"
2022/06/22;11:58:21.433;DEBUG;37489;0;rocos::Robot::check_init_pos@1192;"/home/think/rocos-app/debug/demo_7.csv,10"
2022/06/22;11:58:21.433;DEBUG;37489;0;rocos::Robot::check_init_pos@1192;"/home/think/rocos-app/debug/demo_7.csv,11"
2022/06/22;11:58:21.433;DEBUG;37489;0;rocos::Robot::check_init_pos@1192;"/home/think/rocos-app/debug/demo_7.csv,12"
2022/06/22;11:58:21.433;DEBUG;37489;0;rocos::Robot::check_init_pos@1192;"/home/think/rocos-app/debug/demo_7.csv,13"
2022/06/22;11:58:21.433;DEBUG;37489;0;rocos::Robot::check_init_pos@1192;"/home/think/rocos-app/debug/demo_7.csv,14"
2022/06/22;11:58:21.433;DEBUG;37489;0;rocos::Robot::check_init_pos@1192;"/home/think/rocos-app/debug/demo_7.csv,15"
2022/06/22;11:58:21.434;DEBUG;37489;0;rocos::Robot::check_init_pos@1192;"/home/think/rocos-app/debug/demo_7.csv,1"
2022/06/22;11:58:21.434;DEBUG;37489;0;rocos::Robot::check_init_pos@1192;"/home/think/rocos-app/debug/demo_7.csv,2"
2022/06/22;11:58:21.434;DEBUG;37489;0;rocos::Robot::check_init_pos@1192;"/home/think/rocos-app/debug/demo_7.csv,3"
2022/06/22;11:58:21.434;DEBUG;37489;0;rocos::Robot::check_init_pos@1192;"/home/think/rocos-app/debug/demo_7.csv,4"
2022/06/22;11:58:21.434;DEBUG;37489;0;rocos::Robot::check_init_pos@1192;"/home/think/rocos-app/debug/demo_7.csv,5"
2022/06/22;11:58:21.434;DEBUG;37489;0;rocos::Robot::check_init_pos@1192;"/home/think/rocos-app/debug/demo_7.csv,7"
2022/06/22;11:58:21.434;DEBUG;37489;0;rocos::Robot::check_init_pos@1192;"/home/think/rocos-app/debug/demo_7.csv,8"
2022/06/22;11:58:21.434;DEBUG;37489;0;rocos::Robot::check_init_pos@1192;"/home/think/rocos-app/debug/demo_7.csv,9"
2022/06/22;11:58:21.434;DEBUG;37489;0;rocos::Robot::check_init_pos@1192;"/home/think/rocos-app/debug/demo_7.csv,10"
2022/06/22;11:58:21.434;DEBUG;37489;0;rocos::Robot::check_init_pos@1192;"/home/think/rocos-app/debug/demo_7.csv,11"
2022/06/22;11:58:21.434;DEBUG;37489;0;rocos::Robot::check_init_pos@1192;"/home/think/rocos-app/debug/demo_7.csv,12"
2022/06/22;11:58:21.434;DEBUG;37489;0;rocos::Robot::check_init_pos@1192;"/home/think/rocos-app/debug/demo_7.csv,13"
2022/06/22;11:58:21.434;DEBUG;37489;0;rocos::Robot::check_init_pos@1192;"/home/think/rocos-app/debug/demo_7.csv,14"
2022/06/22;11:58:21.434;DEBUG;37489;0;rocos::Robot::check_init_pos@1192;"/home/think/rocos-app/debug/demo_7.csv,15"
2022/06/22;11:58:21.434;DEBUG;37489;0;rocos::Robot::check_init_pos@1192;"/home/think/rocos-app/debug/demo_8.csv,1"
2022/06/22;11:58:21.434;DEBUG;37489;0;rocos::Robot::check_init_pos@1192;"/home/think/rocos-app/debug/demo_8.csv,2"
2022/06/22;11:58:21.434;DEBUG;37489;0;rocos::Robot::check_init_pos@1192;"/home/think/rocos-app/debug/demo_8.csv,3"
2022/06/22;11:58:21.434;DEBUG;37489;0;rocos::Robot::check_init_pos@1192;"/home/think/rocos-app/debug/demo_8.csv,4"
2022/06/22;11:58:21.434;DEBUG;37489;0;rocos::Robot::check_init_pos@1192;"/home/think/rocos-app/debug/demo_8.csv,5"
2022/06/22;11:58:21.434;DEBUG;37489;0;rocos::Robot::check_init_pos@1192;"/home/think/rocos-app/debug/demo_8.csv,6"
2022/06/22;11:58:21.434;DEBUG;37489;0;rocos::Robot::check_init_pos@1192;"/home/think/rocos-app/debug/demo_8.csv,7"
2022/06/22;11:58:21.434;DEBUG;37489;0;rocos::Robot::check_init_pos@1192;"/home/think/rocos-app/debug/demo_8.csv,8"
2022/06/22;11:58:21.434;DEBUG;37489;0;rocos::Robot::check_init_pos@1192;"/home/think/rocos-app/debug/demo_8.csv,10"
2022/06/22;11:58:21.435;DEBUG;37489;0;rocos::Robot::check_init_pos@1192;"/home/think/rocos-app/debug/demo_8.csv,11"
2022/06/22;11:58:21.435;DEBUG;37489;0;rocos::Robot::check_init_pos@1192;"/home/think/rocos-app/debug/demo_8.csv,12"
2022/06/22;11:58:21.435;DEBUG;37489;0;rocos::Robot::check_init_pos@1192;"/home/think/rocos-app/debug/demo_8.csv,13"
2022/06/22;11:58:21.435;DEBUG;37489;0;rocos::Robot::check_init_pos@1192;"/home/think/rocos-app/debug/demo_8.csv,16"
2022/06/22;11:58:21.435;DEBUG;37489;0;rocos::Robot::check_init_pos@1192;"/home/think/rocos-app/debug/demo_8.csv,17"
2022/06/22;11:58:21.435;DEBUG;37489;0;rocos::Robot::check_init_pos@1192;"/home/think/rocos-app/debug/demo_8.csv,18"
2022/06/22;11:58:21.435;DEBUG;37489;0;rocos::Robot::check_init_pos@1192;"/home/think/rocos-app/debug/demo_8.csv,19"
2022/06/22;11:58:21.435;DEBUG;37489;0;rocos::Robot::check_init_pos@1192;"/home/think/rocos-app/debug/demo_8.csv,20"
2022/06/22;11:58:21.435;DEBUG;37489;0;rocos::Robot::check_init_pos@1192;"/home/think/rocos-app/debug/demo_8.csv,21"
2022/06/22;11:58:21.435;DEBUG;37489;0;rocos::Robot::check_init_pos@1192;"/home/think/rocos-app/debug/demo_8.csv,1"
2022/06/22;11:58:21.435;DEBUG;37489;0;rocos::Robot::check_init_pos@1192;"/home/think/rocos-app/debug/demo_8.csv,2"
2022/06/22;11:58:21.435;DEBUG;37489;0;rocos::Robot::check_init_pos@1192;"/home/think/rocos-app/debug/demo_8.csv,3"
2022/06/22;11:58:21.435;DEBUG;37489;0;rocos::Robot::check_init_pos@1192;"/home/think/rocos-app/debug/demo_8.csv,4"
2022/06/22;11:58:21.435;DEBUG;37489;0;rocos::Robot::check_init_pos@1192;"/home/think/rocos-app/debug/demo_8.csv,5"
2022/06/22;11:58:21.435;DEBUG;37489;0;rocos::Robot::check_init_pos@1192;"/home/think/rocos-app/debug/demo_8.csv,6"
2022/06/22;11:58:21.435;DEBUG;37489;0;rocos::Robot::check_init_pos@1192;"/home/think/rocos-app/debug/demo_8.csv,7"
2022/06/22;11:58:21.435;DEBUG;37489;0;rocos::Robot::check_init_pos@1192;"/home/think/rocos-app/debug/demo_8.csv,8"
2022/06/22;11:58:21.435;DEBUG;37489;0;rocos::Robot::check_init_pos@1192;"/home/think/rocos-app/debug/demo_8.csv,10"
2022/06/22;11:58:21.435;DEBUG;37489;0;rocos::Robot::check_init_pos@1192;"/home/think/rocos-app/debug/demo_8.csv,11"
2022/06/22;11:58:21.435;DEBUG;37489;0;rocos::Robot::check_init_pos@1192;"/home/think/rocos-app/debug/demo_8.csv,12"
2022/06/22;11:58:21.435;DEBUG;37489;0;rocos::Robot::check_init_pos@1192;"/home/think/rocos-app/debug/demo_8.csv,13"
2022/06/22;11:58:21.435;DEBUG;37489;0;rocos::Robot::check_init_pos@1192;"/home/think/rocos-app/debug/demo_8.csv,16"
2022/06/22;11:58:21.435;DEBUG;37489;0;rocos::Robot::check_init_pos@1192;"/home/think/rocos-app/debug/demo_8.csv,17"
2022/06/22;11:58:21.435;DEBUG;37489;0;rocos::Robot::check_init_pos@1192;"/home/think/rocos-app/debug/demo_8.csv,18"
2022/06/22;11:58:21.435;DEBUG;37489;0;rocos::Robot::check_init_pos@1192;"/home/think/rocos-app/debug/demo_8.csv,19"
2022/06/22;11:58:21.435;DEBUG;37489;0;rocos::Robot::check_init_pos@1192;"/home/think/rocos-app/debug/demo_8.csv,20"
2022/06/22;11:58:21.435;DEBUG;37489;0;rocos::Robot::check_init_pos@1192;"/home/think/rocos-app/debug/demo_8.csv,21"
2022/06/22;11:58:21.435;DEBUG;37489;0;rocos::Robot::check_init_pos@1192;"/home/think/rocos-app/debug/demo_8.csv,1"
2022/06/22;11:58:21.435;DEBUG;37489;0;rocos::Robot::check_init_pos@1192;"/home/think/rocos-app/debug/demo_8.csv,2"
2022/06/22;11:58:21.435;DEBUG;37489;0;rocos::Robot::check_init_pos@1192;"/home/think/rocos-app/debug/demo_8.csv,3"
2022/06/22;11:58:21.436;DEBUG;37489;0;rocos::Robot::check_init_pos@1192;"/home/think/rocos-app/debug/demo_8.csv,4"
2022/06/22;11:58:21.436;DEBUG;37489;0;rocos::Robot::check_init_pos@1192;"/home/think/rocos-app/debug/demo_8.csv,5"
2022/06/22;11:58:21.436;DEBUG;37489;0;rocos::Robot::check_init_pos@1192;"/home/think/rocos-app/debug/demo_8.csv,6"
2022/06/22;11:58:21.436;DEBUG;37489;0;rocos::Robot::check_init_pos@1192;"/home/think/rocos-app/debug/demo_8.csv,7"
2022/06/22;11:58:21.436;DEBUG;37489;0;rocos::Robot::check_init_pos@1192;"/home/think/rocos-app/debug/demo_8.csv,8"
2022/06/22;11:58:21.436;DEBUG;37489;0;rocos::Robot::check_init_pos@1192;"/home/think/rocos-app/debug/demo_8.csv,10"
2022/06/22;11:58:21.436;DEBUG;37489;0;rocos::Robot::check_init_pos@1192;"/home/think/rocos-app/debug/demo_8.csv,11"
2022/06/22;11:58:21.436;DEBUG;37489;0;rocos::Robot::check_init_pos@1192;"/home/think/rocos-app/debug/demo_8.csv,12"
2022/06/22;11:58:21.436;DEBUG;37489;0;rocos::Robot::check_init_pos@1192;"/home/think/rocos-app/debug/demo_8.csv,13"
2022/06/22;11:58:21.436;DEBUG;37489;0;rocos::Robot::check_init_pos@1192;"/home/think/rocos-app/debug/demo_8.csv,16"
2022/06/22;11:58:21.436;DEBUG;37489;0;rocos::Robot::check_init_pos@1192;"/home/think/rocos-app/debug/demo_8.csv,17"
2022/06/22;11:58:21.436;DEBUG;37489;0;rocos::Robot::check_init_pos@1192;"/home/think/rocos-app/debug/demo_8.csv,18"
2022/06/22;11:58:21.436;DEBUG;37489;0;rocos::Robot::check_init_pos@1192;"/home/think/rocos-app/debug/demo_8.csv,19"
2022/06/22;11:58:21.436;DEBUG;37489;0;rocos::Robot::check_init_pos@1192;"/home/think/rocos-app/debug/demo_8.csv,20"
2022/06/22;11:58:21.436;DEBUG;37489;0;rocos::Robot::check_init_pos@1192;"/home/think/rocos-app/debug/demo_8.csv,21"
2022/06/22;11:58:21.436;DEBUG;37489;0;rocos::Robot::check_init_pos@1192;"/home/think/rocos-app/debug/demo_process_1.csv,1"
2022/06/22;11:58:21.436;DEBUG;37489;0;rocos::Robot::check_init_pos@1192;"/home/think/rocos-app/debug/demo_process_1.csv,2"
2022/06/22;11:58:21.436;DEBUG;37489;0;rocos::Robot::check_init_pos@1192;"/home/think/rocos-app/debug/demo_process_1.csv,3"
2022/06/22;11:58:21.436;DEBUG;37489;0;rocos::Robot::check_init_pos@1192;"/home/think/rocos-app/debug/demo_process_1.csv,4"
2022/06/22;11:58:21.436;DEBUG;37489;0;rocos::Robot::check_init_pos@1192;"/home/think/rocos-app/debug/demo_process_1.csv,5"
2022/06/22;11:58:21.436;DEBUG;37489;0;rocos::Robot::check_init_pos@1192;"/home/think/rocos-app/debug/demo_process_1.csv,6"
2022/06/22;11:58:21.436;DEBUG;37489;0;rocos::Robot::check_init_pos@1192;"/home/think/rocos-app/debug/demo_process_1.csv,7"
2022/06/22;11:58:21.436;DEBUG;37489;0;rocos::Robot::check_init_pos@1192;"/home/think/rocos-app/debug/demo_process_1.csv,8"
2022/06/22;11:58:21.436;DEBUG;37489;0;rocos::Robot::check_init_pos@1192;"/home/think/rocos-app/debug/demo_process_1.csv,9"
2022/06/22;11:58:21.436;DEBUG;37489;0;rocos::Robot::check_init_pos@1192;"/home/think/rocos-app/debug/demo_process_1.csv,10"
2022/06/22;11:58:21.437;DEBUG;37489;0;rocos::Robot::check_init_pos@1192;"/home/think/rocos-app/debug/demo_process_1.csv,11"
2022/06/22;11:58:21.437;DEBUG;37489;0;rocos::Robot::check_init_pos@1192;"/home/think/rocos-app/debug/demo_process_1.csv,12"
2022/06/22;11:58:21.437;DEBUG;37489;0;rocos::Robot::check_init_pos@1192;"/home/think/rocos-app/debug/demo_process_1.csv,14"
2022/06/22;11:58:21.437;DEBUG;37489;0;rocos::Robot::check_init_pos@1192;"/home/think/rocos-app/debug/demo_process_1.csv,15"
2022/06/22;11:58:21.437;DEBUG;37489;0;rocos::Robot::check_init_pos@1192;"/home/think/rocos-app/debug/demo_process_1.csv,16"
2022/06/22;11:58:21.437;DEBUG;37489;0;rocos::Robot::check_init_pos@1192;"/home/think/rocos-app/debug/demo_process_1.csv,17"
2022/06/22;11:58:21.437;DEBUG;37489;0;rocos::Robot::check_init_pos@1192;"/home/think/rocos-app/debug/demo_process_1.csv,19"
2022/06/22;11:58:21.437;DEBUG;37489;0;rocos::Robot::check_init_pos@1192;"/home/think/rocos-app/debug/demo_process_1.csv,20"
2022/06/22;11:58:21.437;DEBUG;37489;0;rocos::Robot::check_init_pos@1192;"/home/think/rocos-app/debug/demo_process_1.csv,21"
2022/06/22;11:58:21.437;DEBUG;37489;0;rocos::Robot::check_init_pos@1192;"/home/think/rocos-app/debug/demo_process_1.csv,22"
2022/06/22;11:58:21.437;DEBUG;37489;0;rocos::Robot::check_init_pos@1192;"/home/think/rocos-app/debug/demo_process_1.csv,23"
2022/06/22;11:58:21.437;DEBUG;37489;0;rocos::Robot::check_init_pos@1192;"/home/think/rocos-app/debug/demo_process_1.csv,24"
2022/06/22;11:58:21.437;DEBUG;37489;0;rocos::Robot::check_init_pos@1192;"/home/think/rocos-app/debug/demo_process_1.csv,25"
2022/06/22;11:58:21.437;DEBUG;37489;0;rocos::Robot::check_init_pos@1192;"/home/think/rocos-app/debug/demo_process_1.csv,26"
2022/06/22;11:58:21.437;DEBUG;37489;0;rocos::Robot::check_init_pos@1192;"/home/think/rocos-app/debug/demo_process_1.csv,27"
2022/06/22;11:58:21.437;DEBUG;37489;0;rocos::Robot::check_init_pos@1192;"/home/think/rocos-app/debug/demo_process_1.csv,27"
2022/06/22;11:58:21.437;DEBUG;37489;0;rocos::Robot::check_init_pos@1192;"/home/think/rocos-app/debug/demo_1.csv,1"
2022/06/22;11:58:21.437;DEBUG;37489;0;rocos::Robot::check_init_pos@1192;"/home/think/rocos-app/debug/demo_1.csv,2"
2022/06/22;11:58:21.437;DEBUG;37489;0;rocos::Robot::check_init_pos@1192;"/home/think/rocos-app/debug/demo_1.csv,3"
2022/06/22;11:58:21.437;DEBUG;37489;0;rocos::Robot::check_init_pos@1192;"/home/think/rocos-app/debug/demo_1.csv,4"
2022/06/22;11:58:21.437;DEBUG;37489;0;rocos::Robot::check_init_pos@1192;"/home/think/rocos-app/debug/demo_1.csv,5"
2022/06/22;11:58:21.437;DEBUG;37489;0;rocos::Robot::check_init_pos@1192;"/home/think/rocos-app/debug/demo_1.csv,6"
2022/06/22;11:58:21.437;DEBUG;37489;0;rocos::Robot::check_init_pos@1192;"/home/think/rocos-app/debug/demo_1.csv,7"
2022/06/22;11:58:21.438;DEBUG;37489;0;rocos::Robot::check_init_pos@1192;"/home/think/rocos-app/debug/demo_1.csv,8"
2022/06/22;11:58:21.438;DEBUG;37489;0;rocos::Robot::check_init_pos@1192;"/home/think/rocos-app/debug/demo_1.csv,9"
2022/06/22;11:58:21.438;DEBUG;37489;0;rocos::Robot::check_init_pos@1192;"/home/think/rocos-app/debug/demo_1.csv,10"
2022/06/22;11:58:21.438;DEBUG;37489;0;rocos::Robot::check_init_pos@1192;"/home/think/rocos-app/debug/demo_1.csv,11"
2022/06/22;11:58:21.438;DEBUG;37489;0;rocos::Robot::check_init_pos@1192;"/home/think/rocos-app/debug/demo_1.csv,12"
2022/06/22;11:58:21.438;DEBUG;37489;0;rocos::Robot::check_init_pos@1192;"/home/think/rocos-app/debug/demo_1.csv,14"
2022/06/22;11:58:21.438;DEBUG;37489;0;rocos::Robot::check_init_pos@1192;"/home/think/rocos-app/debug/demo_1.csv,15"
2022/06/22;11:58:21.438;DEBUG;37489;0;rocos::Robot::check_init_pos@1192;"/home/think/rocos-app/debug/demo_1.csv,16"
2022/06/22;11:58:21.438;DEBUG;37489;0;rocos::Robot::check_init_pos@1192;"/home/think/rocos-app/debug/demo_1.csv,17"
2022/06/22;11:58:21.438;DEBUG;37489;0;rocos::Robot::check_init_pos@1192;"/home/think/rocos-app/debug/demo_1.csv,18"
2022/06/22;11:58:21.438;DEBUG;37489;0;rocos::Robot::check_init_pos@1192;"/home/think/rocos-app/debug/demo_2.csv,1"
2022/06/22;11:58:21.438;DEBUG;37489;0;rocos::Robot::check_init_pos@1192;"/home/think/rocos-app/debug/demo_2.csv,2"
2022/06/22;11:58:21.438;DEBUG;37489;0;rocos::Robot::check_init_pos@1192;"/home/think/rocos-app/debug/demo_2.csv,3"
2022/06/22;11:58:21.438;DEBUG;37489;0;rocos::Robot::check_init_pos@1192;"/home/think/rocos-app/debug/demo_2.csv,4"
2022/06/22;11:58:21.438;DEBUG;37489;0;rocos::Robot::check_init_pos@1192;"/home/think/rocos-app/debug/demo_2.csv,5"
2022/06/22;11:58:21.438;DEBUG;37489;0;rocos::Robot::check_init_pos@1192;"/home/think/rocos-app/debug/demo_2.csv,7"
2022/06/22;11:58:21.438;DEBUG;37489;0;rocos::Robot::check_init_pos@1192;"/home/think/rocos-app/debug/demo_2.csv,8"
2022/06/22;11:58:21.438;DEBUG;37489;0;rocos::Robot::check_init_pos@1192;"/home/think/rocos-app/debug/demo_2.csv,9"
2022/06/22;11:58:21.438;DEBUG;37489;0;rocos::Robot::check_init_pos@1192;"/home/think/rocos-app/debug/demo_2.csv,10"
2022/06/22;11:58:21.438;DEBUG;37489;0;rocos::Robot::check_init_pos@1192;"/home/think/rocos-app/debug/demo_2.csv,11"
2022/06/22;11:58:21.438;DEBUG;37489;0;rocos::Robot::check_init_pos@1192;"/home/think/rocos-app/debug/demo_2.csv,12"
2022/06/22;11:58:21.438;DEBUG;37489;0;rocos::Robot::check_init_pos@1192;"/home/think/rocos-app/debug/demo_2.csv,13"
2022/06/22;11:58:21.438;DEBUG;37489;0;rocos::Robot::check_init_pos@1192;"/home/think/rocos-app/debug/demo_2.csv,14"
2022/06/22;11:58:21.439;DEBUG;37489;0;rocos::Robot::check_init_pos@1192;"/home/think/rocos-app/debug/demo_3.csv,1"
2022/06/22;11:58:21.439;DEBUG;37489;0;rocos::Robot::check_init_pos@1192;"/home/think/rocos-app/debug/demo_3.csv,2"
2022/06/22;11:58:21.439;DEBUG;37489;0;rocos::Robot::check_init_pos@1192;"/home/think/rocos-app/debug/demo_3.csv,3"
2022/06/22;11:58:21.439;DEBUG;37489;0;rocos::Robot::check_init_pos@1192;"/home/think/rocos-app/debug/demo_3.csv,4"
2022/06/22;11:58:21.439;DEBUG;37489;0;rocos::Robot::check_init_pos@1192;"/home/think/rocos-app/debug/demo_3.csv,5"
2022/06/22;11:58:21.439;DEBUG;37489;0;rocos::Robot::check_init_pos@1192;"/home/think/rocos-app/debug/demo_3.csv,6"
2022/06/22;11:58:21.439;DEBUG;37489;0;rocos::Robot::check_init_pos@1192;"/home/think/rocos-app/debug/demo_3.csv,7"
2022/06/22;11:58:21.439;DEBUG;37489;0;rocos::Robot::check_init_pos@1192;"/home/think/rocos-app/debug/demo_3.csv,8"
2022/06/22;11:58:21.439;DEBUG;37489;0;rocos::Robot::check_init_pos@1192;"/home/think/rocos-app/debug/demo_3.csv,9"
2022/06/22;11:58:21.439;DEBUG;37489;0;rocos::Robot::check_init_pos@1192;"/home/think/rocos-app/debug/demo_3.csv,10"
2022/06/22;11:58:21.439;DEBUG;37489;0;rocos::Robot::check_init_pos@1192;"/home/think/rocos-app/debug/demo_3.csv,11"
2022/06/22;11:58:21.439;DEBUG;37489;0;rocos::Robot::check_init_pos@1192;"/home/think/rocos-app/debug/demo_3.csv,12"
2022/06/22;11:58:21.439;DEBUG;37489;0;rocos::Robot::check_init_pos@1192;"/home/think/rocos-app/debug/demo_3.csv,13"
2022/06/22;11:58:21.439;DEBUG;37489;0;rocos::Robot::check_init_pos@1192;"/home/think/rocos-app/debug/demo_3.csv,14"
2022/06/22;11:58:21.439;DEBUG;37489;0;rocos::Robot::check_init_pos@1192;"/home/think/rocos-app/debug/demo_3.csv,16"
2022/06/22;11:58:21.439;DEBUG;37489;0;rocos::Robot::check_init_pos@1192;"/home/think/rocos-app/debug/demo_3.csv,17"
2022/06/22;11:58:21.439;DEBUG;37489;0;rocos::Robot::check_init_pos@1192;"/home/think/rocos-app/debug/demo_3.csv,18"
2022/06/22;11:58:21.439;DEBUG;37489;0;rocos::Robot::check_init_pos@1192;"/home/think/rocos-app/debug/demo_3.csv,19"
2022/06/22;11:58:21.439;DEBUG;37489;0;rocos::Robot::check_init_pos@1192;"/home/think/rocos-app/debug/demo_4.csv,1"
2022/06/22;11:58:21.439;DEBUG;37489;0;rocos::Robot::check_init_pos@1192;"/home/think/rocos-app/debug/demo_4.csv,2"
2022/06/22;11:58:21.439;DEBUG;37489;0;rocos::Robot::check_init_pos@1192;"/home/think/rocos-app/debug/demo_4.csv,3"
2022/06/22;11:58:21.439;DEBUG;37489;0;rocos::Robot::check_init_pos@1192;"/home/think/rocos-app/debug/demo_4.csv,4"
2022/06/22;11:58:21.439;DEBUG;37489;0;rocos::Robot::check_init_pos@1192;"/home/think/rocos-app/debug/demo_4.csv,5"
2022/06/22;11:58:21.439;DEBUG;37489;0;rocos::Robot::check_init_pos@1192;"/home/think/rocos-app/debug/demo_4.csv,6"
2022/06/22;11:58:21.439;DEBUG;37489;0;rocos::Robot::check_init_pos@1192;"/home/think/rocos-app/debug/demo_4.csv,7"
2022/06/22;11:58:21.439;DEBUG;37489;0;rocos::Robot::check_init_pos@1192;"/home/think/rocos-app/debug/demo_4.csv,8"
2022/06/22;11:58:21.440;DEBUG;37489;0;rocos::Robot::check_init_pos@1192;"/home/think/rocos-app/debug/demo_4.csv,9"
2022/06/22;11:58:21.440;DEBUG;37489;0;rocos::Robot::check_init_pos@1192;"/home/think/rocos-app/debug/demo_4.csv,10"
2022/06/22;11:58:21.440;DEBUG;37489;0;rocos::Robot::check_init_pos@1192;"/home/think/rocos-app/debug/demo_4.csv,11"
2022/06/22;11:58:21.440;DEBUG;37489;0;rocos::Robot::check_init_pos@1192;"/home/think/rocos-app/debug/demo_4.csv,12"
2022/06/22;11:58:21.440;DEBUG;37489;0;rocos::Robot::check_init_pos@1192;"/home/think/rocos-app/debug/demo_4.csv,15"
2022/06/22;11:58:21.440;DEBUG;37489;0;rocos::Robot::check_init_pos@1192;"/home/think/rocos-app/debug/demo_4.csv,16"
2022/06/22;11:58:21.440;DEBUG;37489;0;rocos::Robot::check_init_pos@1192;"/home/think/rocos-app/debug/demo_4.csv,17"
2022/06/22;11:58:21.440;DEBUG;37489;0;rocos::Robot::check_init_pos@1192;"/home/think/rocos-app/debug/demo_5.csv,1"
2022/06/22;11:58:21.440;DEBUG;37489;0;rocos::Robot::check_init_pos@1192;"/home/think/rocos-app/debug/demo_5.csv,2"
2022/06/22;11:58:21.440;DEBUG;37489;0;rocos::Robot::check_init_pos@1192;"/home/think/rocos-app/debug/demo_5.csv,3"
2022/06/22;11:58:21.440;DEBUG;37489;0;rocos::Robot::check_init_pos@1192;"/home/think/rocos-app/debug/demo_5.csv,4"
2022/06/22;11:58:21.440;DEBUG;37489;0;rocos::Robot::check_init_pos@1192;"/home/think/rocos-app/debug/demo_5.csv,5"
2022/06/22;11:58:21.440;DEBUG;37489;0;rocos::Robot::check_init_pos@1192;"/home/think/rocos-app/debug/demo_5.csv,6"
2022/06/22;11:58:21.440;DEBUG;37489;0;rocos::Robot::check_init_pos@1192;"/home/think/rocos-app/debug/demo_5.csv,7"
2022/06/22;11:58:21.440;DEBUG;37489;0;rocos::Robot::check_init_pos@1192;"/home/think/rocos-app/debug/demo_5.csv,8"
2022/06/22;11:58:21.440;DEBUG;37489;0;rocos::Robot::check_init_pos@1192;"/home/think/rocos-app/debug/demo_5.csv,9"
2022/06/22;11:58:21.440;DEBUG;37489;0;rocos::Robot::check_init_pos@1192;"/home/think/rocos-app/debug/demo_5.csv,10"
2022/06/22;11:58:21.440;DEBUG;37489;0;rocos::Robot::check_init_pos@1192;"/home/think/rocos-app/debug/demo_5.csv,11"
2022/06/22;11:58:21.440;DEBUG;37489;0;rocos::Robot::check_init_pos@1192;"/home/think/rocos-app/debug/demo_6.csv,1"
2022/06/22;11:58:21.440;DEBUG;37489;0;rocos::Robot::check_init_pos@1192;"/home/think/rocos-app/debug/demo_6.csv,2"
2022/06/22;11:58:21.440;DEBUG;37489;0;rocos::Robot::check_init_pos@1192;"/home/think/rocos-app/debug/demo_6.csv,3"
2022/06/22;11:58:21.440;DEBUG;37489;0;rocos::Robot::check_init_pos@1192;"/home/think/rocos-app/debug/demo_6.csv,4"
2022/06/22;11:58:21.440;DEBUG;37489;0;rocos::Robot::check_init_pos@1192;"/home/think/rocos-app/debug/demo_6.csv,5"
2022/06/22;11:58:21.440;DEBUG;37489;0;rocos::Robot::check_init_pos@1192;"/home/think/rocos-app/debug/demo_6.csv,6"
2022/06/22;11:58:21.441;DEBUG;37489;0;rocos::Robot::check_init_pos@1192;"/home/think/rocos-app/debug/demo_6.csv,7"
2022/06/22;11:58:21.441;DEBUG;37489;0;rocos::Robot::check_init_pos@1192;"/home/think/rocos-app/debug/demo_6.csv,9"
2022/06/22;11:58:21.441;DEBUG;37489;0;rocos::Robot::check_init_pos@1192;"/home/think/rocos-app/debug/demo_6.csv,10"
2022/06/22;11:58:21.441;DEBUG;37489;0;rocos::Robot::check_init_pos@1192;"/home/think/rocos-app/debug/demo_6.csv,11"
2022/06/22;11:58:21.441;DEBUG;37489;0;rocos::Robot::check_init_pos@1192;"/home/think/rocos-app/debug/demo_6.csv,13"
2022/06/22;11:58:21.441;DEBUG;37489;0;rocos::Robot::check_init_pos@1192;"/home/think/rocos-app/debug/demo_6.csv,14"
2022/06/22;11:58:21.441;DEBUG;37489;0;rocos::Robot::check_init_pos@1192;"/home/think/rocos-app/debug/demo_6.csv,15"
2022/06/22;11:58:21.441;DEBUG;37489;0;rocos::Robot::check_init_pos@1192;"/home/think/rocos-app/debug/demo_6.csv,16"
2022/06/22;11:58:21.441;DEBUG;37489;0;rocos::Robot::check_init_pos@1192;"/home/think/rocos-app/debug/demo_6.csv,17"
2022/06/22;11:58:21.441;DEBUG;37489;0;rocos::Robot::check_init_pos@1192;"/home/think/rocos-app/debug/demo_6.csv,18"
2022/06/22;11:58:21.441;DEBUG;37489;0;rocos::Robot::check_init_pos@1192;"/home/think/rocos-app/debug/demo_6.csv,19"
2022/06/22;11:58:21.441;DEBUG;37489;0;rocos::Robot::check_init_pos@1192;"/home/think/rocos-app/debug/demo_7.csv,1"
2022/06/22;11:58:21.441;DEBUG;37489;0;rocos::Robot::check_init_pos@1192;"/home/think/rocos-app/debug/demo_7.csv,2"
2022/06/22;11:58:21.441;DEBUG;37489;0;rocos::Robot::check_init_pos@1192;"/home/think/rocos-app/debug/demo_7.csv,3"
2022/06/22;11:58:21.441;DEBUG;37489;0;rocos::Robot::check_init_pos@1192;"/home/think/rocos-app/debug/demo_7.csv,4"
2022/06/22;11:58:21.441;DEBUG;37489;0;rocos::Robot::check_init_pos@1192;"/home/think/rocos-app/debug/demo_7.csv,5"
2022/06/22;11:58:21.441;DEBUG;37489;0;rocos::Robot::check_init_pos@1192;"/home/think/rocos-app/debug/demo_7.csv,7"
2022/06/22;11:58:21.441;DEBUG;37489;0;rocos::Robot::check_init_pos@1192;"/home/think/rocos-app/debug/demo_7.csv,8"
2022/06/22;11:58:21.441;DEBUG;37489;0;rocos::Robot::check_init_pos@1192;"/home/think/rocos-app/debug/demo_7.csv,9"
2022/06/22;11:58:21.441;DEBUG;37489;0;rocos::Robot::check_init_pos@1192;"/home/think/rocos-app/debug/demo_7.csv,10"
2022/06/22;11:58:21.441;DEBUG;37489;0;rocos::Robot::check_init_pos@1192;"/home/think/rocos-app/debug/demo_7.csv,11"
2022/06/22;11:58:21.441;DEBUG;37489;0;rocos::Robot::check_init_pos@1192;"/home/think/rocos-app/debug/demo_7.csv,12"
2022/06/22;11:58:21.441;DEBUG;37489;0;rocos::Robot::check_init_pos@1192;"/home/think/rocos-app/debug/demo_7.csv,13"
2022/06/22;11:58:21.441;DEBUG;37489;0;rocos::Robot::check_init_pos@1192;"/home/think/rocos-app/debug/demo_7.csv,14"
2022/06/22;11:58:21.442;DEBUG;37489;0;rocos::Robot::check_init_pos@1192;"/home/think/rocos-app/debug/demo_7.csv,15"
2022/06/22;11:58:21.442;DEBUG;37489;0;rocos::Robot::check_init_pos@1192;"/home/think/rocos-app/debug/demo_8.csv,1"
2022/06/22;11:58:21.442;DEBUG;37489;0;rocos::Robot::check_init_pos@1192;"/home/think/rocos-app/debug/demo_8.csv,2"
2022/06/22;11:58:21.442;DEBUG;37489;0;rocos::Robot::check_init_pos@1192;"/home/think/rocos-app/debug/demo_8.csv,3"
2022/06/22;11:58:21.442;DEBUG;37489;0;rocos::Robot::check_init_pos@1192;"/home/think/rocos-app/debug/demo_8.csv,4"
2022/06/22;11:58:21.442;DEBUG;37489;0;rocos::Robot::check_init_pos@1192;"/home/think/rocos-app/debug/demo_8.csv,5"
2022/06/22;11:58:21.442;DEBUG;37489;0;rocos::Robot::check_init_pos@1192;"/home/think/rocos-app/debug/demo_8.csv,6"
2022/06/22;11:58:21.442;DEBUG;37489;0;rocos::Robot::check_init_pos@1192;"/home/think/rocos-app/debug/demo_8.csv,7"
2022/06/22;11:58:21.442;DEBUG;37489;0;rocos::Robot::check_init_pos@1192;"/home/think/rocos-app/debug/demo_8.csv,8"
2022/06/22;11:58:21.442;DEBUG;37489;0;rocos::Robot::check_init_pos@1192;"/home/think/rocos-app/debug/demo_8.csv,10"
2022/06/22;11:58:21.442;DEBUG;37489;0;rocos::Robot::check_init_pos@1192;"/home/think/rocos-app/debug/demo_8.csv,11"
2022/06/22;11:58:21.442;DEBUG;37489;0;rocos::Robot::check_init_pos@1192;"/home/think/rocos-app/debug/demo_8.csv,12"
2022/06/22;11:58:21.442;DEBUG;37489;0;rocos::Robot::check_init_pos@1192;"/home/think/rocos-app/debug/demo_8.csv,13"
2022/06/22;11:58:21.442;DEBUG;37489;0;rocos::Robot::check_init_pos@1192;"/home/think/rocos-app/debug/demo_8.csv,16"
2022/06/22;11:58:21.442;DEBUG;37489;0;rocos::Robot::check_init_pos@1192;"/home/think/rocos-app/debug/demo_8.csv,17"
2022/06/22;11:58:21.442;DEBUG;37489;0;rocos::Robot::check_init_pos@1192;"/home/think/rocos-app/debug/demo_8.csv,18"
2022/06/22;11:58:21.442;DEBUG;37489;0;rocos::Robot::check_init_pos@1192;"/home/think/rocos-app/debug/demo_8.csv,19"
2022/06/22;11:58:21.442;DEBUG;37489;0;rocos::Robot::check_init_pos@1192;"/home/think/rocos-app/debug/demo_8.csv,20"
2022/06/22;11:58:21.442;DEBUG;37489;0;rocos::Robot::check_init_pos@1192;"/home/think/rocos-app/debug/demo_8.csv,21"
2022/06/22;11:58:21.442;DEBUG;37489;0;rocos::Robot::check_init_pos@1192;"/home/think/rocos-app/debug/demo_process_1.csv,1"
2022/06/22;11:58:21.442;DEBUG;37489;0;rocos::Robot::check_init_pos@1192;"/home/think/rocos-app/debug/demo_process_1.csv,2"
2022/06/22;11:58:21.442;DEBUG;37489;0;rocos::Robot::check_init_pos@1192;"/home/think/rocos-app/debug/demo_process_1.csv,3"
2022/06/22;11:58:21.442;DEBUG;37489;0;rocos::Robot::check_init_pos@1192;"/home/think/rocos-app/debug/demo_process_1.csv,4"
2022/06/22;11:58:21.443;DEBUG;37489;0;rocos::Robot::check_init_pos@1192;"/home/think/rocos-app/debug/demo_process_1.csv,5"
2022/06/22;11:58:21.443;DEBUG;37489;0;rocos::Robot::check_init_pos@1192;"/home/think/rocos-app/debug/demo_process_1.csv,6"
2022/06/22;11:58:21.443;DEBUG;37489;0;rocos::Robot::check_init_pos@1192;"/home/think/rocos-app/debug/demo_process_1.csv,7"
2022/06/22;11:58:21.443;DEBUG;37489;0;rocos::Robot::check_init_pos@1192;"/home/think/rocos-app/debug/demo_process_1.csv,8"
2022/06/22;11:58:21.443;DEBUG;37489;0;rocos::Robot::check_init_pos@1192;"/home/think/rocos-app/debug/demo_process_1.csv,9"
2022/06/22;11:58:21.443;DEBUG;37489;0;rocos::Robot::check_init_pos@1192;"/home/think/rocos-app/debug/demo_process_1.csv,10"
2022/06/22;11:58:21.443;DEBUG;37489;0;rocos::Robot::check_init_pos@1192;"/home/think/rocos-app/debug/demo_process_1.csv,11"
2022/06/22;11:58:21.443;DEBUG;37489;0;rocos::Robot::check_init_pos@1192;"/home/think/rocos-app/debug/demo_process_1.csv,12"
2022/06/22;11:58:21.443;DEBUG;37489;0;rocos::Robot::check_init_pos@1192;"/home/think/rocos-app/debug/demo_process_1.csv,14"
2022/06/22;11:58:21.443;DEBUG;37489;0;rocos::Robot::check_init_pos@1192;"/home/think/rocos-app/debug/demo_process_1.csv,15"
2022/06/22;11:58:21.443;DEBUG;37489;0;rocos::Robot::check_init_pos@1192;"/home/think/rocos-app/debug/demo_process_1.csv,16"
2022/06/22;11:58:21.443;DEBUG;37489;0;rocos::Robot::check_init_pos@1192;"/home/think/rocos-app/debug/demo_process_1.csv,17"
2022/06/22;11:58:21.443;DEBUG;37489;0;rocos::Robot::check_init_pos@1192;"/home/think/rocos-app/debug/demo_process_1.csv,19"
2022/06/22;11:58:21.443;DEBUG;37489;0;rocos::Robot::check_init_pos@1192;"/home/think/rocos-app/debug/demo_process_1.csv,20"
2022/06/22;11:58:21.443;DEBUG;37489;0;rocos::Robot::check_init_pos@1192;"/home/think/rocos-app/debug/demo_process_1.csv,21"
2022/06/22;11:58:21.443;DEBUG;37489;0;rocos::Robot::check_init_pos@1192;"/home/think/rocos-app/debug/demo_process_1.csv,22"
2022/06/22;11:58:21.443;DEBUG;37489;0;rocos::Robot::check_init_pos@1192;"/home/think/rocos-app/debug/demo_process_1.csv,23"
2022/06/22;11:58:21.443;DEBUG;37489;0;rocos::Robot::check_init_pos@1192;"/home/think/rocos-app/debug/demo_process_1.csv,24"
2022/06/22;11:58:21.443;DEBUG;37489;0;rocos::Robot::check_init_pos@1192;"/home/think/rocos-app/debug/demo_process_1.csv,25"
2022/06/22;11:58:21.443;DEBUG;37489;0;rocos::Robot::check_init_pos@1192;"/home/think/rocos-app/debug/demo_process_1.csv,26"
2022/06/22;11:58:21.443;DEBUG;37489;0;rocos::Robot::check_init_pos@1192;"/home/think/rocos-app/debug/demo_process_1.csv,27"
2022/06/22;11:58:21.443;DEBUG;37489;0;rocos::Robot::check_init_pos@1192;"/home/think/rocos-app/debug/demo_process_1.csv,27"
2022/06/22;11:58:21.443;DEBUG;37489;0;rocos::Robot::check_init_pos@1192;"/home/think/rocos-app/debug/demo_process_1.csv,27"
2022/06/22;11:58:21.443;DEBUG;37489;0;rocos::Robot::check_init_pos@1192;"/home/think/rocos-app/debug/demo_1.csv,1"
2022/06/22;11:58:21.444;DEBUG;37489;0;rocos::Robot::check_init_pos@1192;"/home/think/rocos-app/debug/demo_1.csv,2"
2022/06/22;11:58:21.444;DEBUG;37489;0;rocos::Robot::check_init_pos@1192;"/home/think/rocos-app/debug/demo_1.csv,3"
2022/06/22;11:58:21.444;DEBUG;37489;0;rocos::Robot::check_init_pos@1192;"/home/think/rocos-app/debug/demo_1.csv,4"
2022/06/22;11:58:21.444;DEBUG;37489;0;rocos::Robot::check_init_pos@1192;"/home/think/rocos-app/debug/demo_1.csv,5"
2022/06/22;11:58:21.444;DEBUG;37489;0;rocos::Robot::check_init_pos@1192;"/home/think/rocos-app/debug/demo_1.csv,6"
2022/06/22;11:58:21.444;DEBUG;37489;0;rocos::Robot::check_init_pos@1192;"/home/think/rocos-app/debug/demo_1.csv,7"
2022/06/22;11:58:21.444;DEBUG;37489;0;rocos::Robot::check_init_pos@1192;"/home/think/rocos-app/debug/demo_1.csv,8"
2022/06/22;11:58:21.444;DEBUG;37489;0;rocos::Robot::check_init_pos@1192;"/home/think/rocos-app/debug/demo_1.csv,9"
2022/06/22;11:58:21.444;DEBUG;37489;0;rocos::Robot::check_init_pos@1192;"/home/think/rocos-app/debug/demo_1.csv,10"
2022/06/22;11:58:21.444;DEBUG;37489;0;rocos::Robot::check_init_pos@1192;"/home/think/rocos-app/debug/demo_1.csv,11"
2022/06/22;11:58:21.444;DEBUG;37489;0;rocos::Robot::check_init_pos@1192;"/home/think/rocos-app/debug/demo_1.csv,12"
2022/06/22;11:58:21.444;DEBUG;37489;0;rocos::Robot::check_init_pos@1192;"/home/think/rocos-app/debug/demo_1.csv,14"
2022/06/22;11:58:21.444;DEBUG;37489;0;rocos::Robot::check_init_pos@1192;"/home/think/rocos-app/debug/demo_1.csv,15"
2022/06/22;11:58:21.444;DEBUG;37489;0;rocos::Robot::check_init_pos@1192;"/home/think/rocos-app/debug/demo_1.csv,16"
2022/06/22;11:58:21.444;DEBUG;37489;0;rocos::Robot::check_init_pos@1192;"/home/think/rocos-app/debug/demo_1.csv,17"
2022/06/22;11:58:21.444;DEBUG;37489;0;rocos::Robot::check_init_pos@1192;"/home/think/rocos-app/debug/demo_1.csv,18"
2022/06/22;11:58:21.444;DEBUG;37489;0;rocos::Robot::check_init_pos@1192;"/home/think/rocos-app/debug/demo_1.csv,18"
2022/06/22;11:58:21.444;DEBUG;37489;0;rocos::Robot::check_init_pos@1192;"/home/think/rocos-app/debug/demo_1.csv,18"
2022/06/22;11:58:21.444;DEBUG;37489;0;rocos::Robot::check_init_pos@1192;"/home/think/rocos-app/debug/demo_1.csv,18"
2022/06/22;11:58:21.444;DEBUG;37489;0;rocos::Robot::check_init_pos@1192;"/home/think/rocos-app/debug/demo_1.csv,18"
2022/06/22;11:58:21.444;DEBUG;37489;0;rocos::Robot::check_init_pos@1192;"/home/think/rocos-app/debug/demo_1.csv,18"
2022/06/22;11:58:21.444;DEBUG;37489;0;rocos::Robot::check_init_pos@1192;"/home/think/rocos-app/debug/demo_1.csv,18"
2022/06/22;11:58:21.444;DEBUG;37489;0;rocos::Robot::check_init_pos@1192;"/home/think/rocos-app/debug/demo_2.csv,1"
2022/06/22;11:58:21.445;DEBUG;37489;0;rocos::Robot::check_init_pos@1192;"/home/think/rocos-app/debug/demo_2.csv,2"
2022/06/22;11:58:21.445;DEBUG;37489;0;rocos::Robot::check_init_pos@1192;"/home/think/rocos-app/debug/demo_2.csv,3"
2022/06/22;11:58:21.445;DEBUG;37489;0;rocos::Robot::check_init_pos@1192;"/home/think/rocos-app/debug/demo_2.csv,4"
2022/06/22;11:58:21.445;DEBUG;37489;0;rocos::Robot::check_init_pos@1192;"/home/think/rocos-app/debug/demo_2.csv,5"
2022/06/22;11:58:21.445;DEBUG;37489;0;rocos::Robot::check_init_pos@1192;"/home/think/rocos-app/debug/demo_2.csv,7"
2022/06/22;11:58:21.445;DEBUG;37489;0;rocos::Robot::check_init_pos@1192;"/home/think/rocos-app/debug/demo_2.csv,8"
2022/06/22;11:58:21.445;DEBUG;37489;0;rocos::Robot::check_init_pos@1192;"/home/think/rocos-app/debug/demo_2.csv,9"
2022/06/22;11:58:21.445;DEBUG;37489;0;rocos::Robot::check_init_pos@1192;"/home/think/rocos-app/debug/demo_2.csv,10"
2022/06/22;11:58:21.445;DEBUG;37489;0;rocos::Robot::check_init_pos@1192;"/home/think/rocos-app/debug/demo_2.csv,11"
2022/06/22;11:58:21.445;DEBUG;37489;0;rocos::Robot::check_init_pos@1192;"/home/think/rocos-app/debug/demo_2.csv,12"
2022/06/22;11:58:21.445;DEBUG;37489;0;rocos::Robot::check_init_pos@1192;"/home/think/rocos-app/debug/demo_2.csv,13"
2022/06/22;11:58:21.445;DEBUG;37489;0;rocos::Robot::check_init_pos@1192;"/home/think/rocos-app/debug/demo_2.csv,14"
2022/06/22;11:58:21.445;DEBUG;37489;0;rocos::Robot::check_init_pos@1192;"/home/think/rocos-app/debug/demo_1.csv,1"
2022/06/22;11:58:21.445;DEBUG;37489;0;rocos::Robot::check_init_pos@1192;"/home/think/rocos-app/debug/demo_1.csv,2"
2022/06/22;11:58:21.445;DEBUG;37489;0;rocos::Robot::check_init_pos@1192;"/home/think/rocos-app/debug/demo_1.csv,3"
2022/06/22;11:58:21.445;DEBUG;37489;0;rocos::Robot::check_init_pos@1192;"/home/think/rocos-app/debug/demo_1.csv,4"
2022/06/22;11:58:21.445;DEBUG;37489;0;rocos::Robot::check_init_pos@1192;"/home/think/rocos-app/debug/demo_1.csv,5"
2022/06/22;11:58:21.445;DEBUG;37489;0;rocos::Robot::check_init_pos@1192;"/home/think/rocos-app/debug/demo_1.csv,6"
2022/06/22;11:58:21.445;DEBUG;37489;0;rocos::Robot::check_init_pos@1192;"/home/think/rocos-app/debug/demo_1.csv,7"
2022/06/22;11:58:21.445;DEBUG;37489;0;rocos::Robot::check_init_pos@1192;"/home/think/rocos-app/debug/demo_1.csv,8"
2022/06/22;11:58:21.445;DEBUG;37489;0;rocos::Robot::check_init_pos@1192;"/home/think/rocos-app/debug/demo_1.csv,9"
2022/06/22;11:58:21.445;DEBUG;37489;0;rocos::Robot::check_init_pos@1192;"/home/think/rocos-app/debug/demo_1.csv,10"
2022/06/22;11:58:21.445;DEBUG;37489;0;rocos::Robot::check_init_pos@1192;"/home/think/rocos-app/debug/demo_1.csv,11"
2022/06/22;11:58:21.445;DEBUG;37489;0;rocos::Robot::check_init_pos@1192;"/home/think/rocos-app/debug/demo_1.csv,12"
2022/06/22;11:58:21.446;DEBUG;37489;0;rocos::Robot::check_init_pos@1192;"/home/think/rocos-app/debug/demo_1.csv,14"
2022/06/22;11:58:21.446;DEBUG;37489;0;rocos::Robot::check_init_pos@1192;"/home/think/rocos-app/debug/demo_1.csv,15"
2022/06/22;11:58:21.446;DEBUG;37489;0;rocos::Robot::check_init_pos@1192;"/home/think/rocos-app/debug/demo_1.csv,16"
2022/06/22;11:58:21.446;DEBUG;37489;0;rocos::Robot::check_init_pos@1192;"/home/think/rocos-app/debug/demo_1.csv,17"
2022/06/22;11:58:21.446;DEBUG;37489;0;rocos::Robot::check_init_pos@1192;"/home/think/rocos-app/debug/demo_1.csv,18"
2022/06/22;11:58:21.446;INFO;37489;0;rocos::Robot::csv_parse@1018;"输入文件打开成功"
2022/06/22;11:58:21.446;DEBUG;37489;0;rocos::Robot::csv_parse@1043;"18"
2022/06/22;12:00:11.156;INFO;37489;0;rocos::Robot::csv_parse@1118;"csv文件执行成功"
2022/06/22;12:00:11.156;INFO;37489;0;rocos::Robot::check_init_pos@1207;"已自动回到起始位置"
2022/06/22;12:00:12.177;INFO;37489;0;JC_helper::ft_sensor::init@50;"F/T sensor init success"
2022/06/22;12:00:12.177;INFO;37489;0;rocos::Robot::test@1274;"当前环境是否安全,如果是,输入run开始执行程序"
